{
    "records": [
        {
            "room temperature": 18.796875,
            "room humidity": 83.56640625,
            "average water temperature": 39.050658257754534,
            "duration": 72.07890057563782,
            "time": 1651046019.6562634
        }
    ]
}